Trade #,Type,Signal,Date/Time,Price BRL,Contracts,Profit BRL,Profit %,Cum. Profit BRL,Cum. Profit %,Run-up BRL,Run-up %,Drawdown BRL,Drawdown %
120,Exit Long,SL,2024-07-09 14:54,128335,43,-1118.00,-0.10,22537.00,-2.56,602.00,0.05,1118.00,0.10
120,Entry Long,Buy,2024-07-09 14:48,128465,43,-1118.00,-0.10,22537.00,-2.56,602.00,0.05,1118.00,0.10
119,Exit Long,TP,2024-07-09 13:26,128265,40,2880.00,0.28,23655.00,7.06,4080.00,0.40,360.00,0.04
119,Entry Long,Buy,2024-07-09 12:34,127905,40,2880.00,0.28,23655.00,7.06,4080.00,0.40,360.00,0.04
118,Exit Long,TP,2024-07-09 10:20,127530,39,1209.00,0.12,20775.00,3.06,3393.00,0.34,624.00,0.06
118,Entry Long,Buy,2024-07-09 09:52,127375,39,1209.00,0.12,20775.00,3.06,3393.00,0.34,624.00,0.06
117,Exit Long,TP,2024-07-08 15:14,127680,37,1591.00,0.17,19566.00,4.19,2812.00,0.30,1073.00,0.11
117,Entry Long,Buy,2024-07-08 14:22,127465,37,1591.00,0.17,19566.00,4.19,2812.00,0.30,1073.00,0.11
116,Exit Long,SL,2024-07-05 14:14,127290,38,-988.00,-0.10,17975.00,-2.54,76.00,0.01,988.00,0.10
116,Entry Long,Buy,2024-07-05 14:08,127420,38,-988.00,-0.10,17975.00,-2.54,76.00,0.01,988.00,0.10
115,Exit Long,TP,2024-07-05 12:56,127365,37,1665.00,0.18,18963.00,4.46,2923.00,0.31,888.00,0.09
115,Entry Long,Buy,2024-07-05 11:26,127140,37,1665.00,0.18,18963.00,4.46,2923.00,0.31,888.00,0.09
114,Exit Long,SL,2024-07-05 09:30,127435,38,-1026.00,-0.11,17298.00,-2.68,2546.00,0.26,1026.00,0.11
114,Entry Long,Buy,2024-07-05 09:22,127570,38,-1026.00,-0.11,17298.00,-2.68,2546.00,0.26,1026.00,0.11
113,Exit Long,Close Position (Max intraday Loss),2024-07-04 14:18,127475,39,-1404.00,-0.14,18324.00,-3.53,429.00,0.04,1404.00,0.14
113,Entry Long,Buy,2024-07-04 14:12,127655,39,-1404.00,-0.14,18324.00,-3.53,429.00,0.04,1404.00,0.14
112,Exit Long,SL,2024-07-04 14:06,127495,40,-640.00,-0.06,19728.00,-1.59,1240.00,0.12,640.00,0.06
112,Entry Long,Buy,2024-07-04 13:56,127575,40,-640.00,-0.06,19728.00,-1.59,1240.00,0.12,640.00,0.06
111,Exit Long,SL,2024-07-04 11:54,127465,41,-1435.00,-0.14,20368.00,-3.43,615.00,0.06,1435.00,0.14
111,Entry Long,Buy,2024-07-04 11:46,127640,41,-1435.00,-0.14,20368.00,-3.43,615.00,0.06,1435.00,0.14
110,Exit Long,SL,2024-07-03 16:14,127440,42,-966.00,-0.09,21803.00,-2.26,1722.00,0.16,966.00,0.09
110,Entry Long,Buy,2024-07-03 15:00,127555,42,-966.00,-0.09,21803.00,-2.26,1722.00,0.16,966.00,0.09
109,Exit Long,TP,2024-07-02 16:02,126280,40,2120.00,0.21,22769.00,5.22,3440.00,0.34,600.00,0.06
109,Entry Long,Buy,2024-07-02 14:10,126015,40,2120.00,0.21,22769.00,5.22,3440.00,0.34,600.00,0.06
108,Exit Long,SL,2024-07-02 13:32,125985,42,-1512.00,-0.14,20649.00,-3.59,84.00,0.01,1512.00,0.14
108,Entry Long,Buy,2024-07-02 13:28,126165,42,-1512.00,-0.14,20649.00,-3.59,84.00,0.01,1512.00,0.14
107,Exit Long,TP,2024-06-28 14:56,125530,40,1560.00,0.16,22161.00,3.84,2560.00,0.26,720.00,0.07
107,Entry Long,Buy,2024-06-28 13:58,125335,40,1560.00,0.16,22161.00,3.84,2560.00,0.26,720.00,0.07
106,Exit Long,TP,2024-06-27 15:00,125240,38,2242.00,0.24,20601.00,5.84,3268.00,0.34,114.00,0.01
106,Entry Long,Buy,2024-06-27 14:22,124945,38,2242.00,0.24,20601.00,5.84,3268.00,0.34,114.00,0.01
105,Exit Long,TP,2024-06-27 13:10,124910,36,1512.00,0.17,18359.00,4.10,3024.00,0.34,288.00,0.03
105,Entry Long,Buy,2024-06-27 12:26,124700,36,1512.00,0.17,18359.00,4.10,3024.00,0.34,288.00,0.03
104,Exit Long,Close Position (Max intraday Loss),2024-06-26 11:08,123080,37,-888.00,-0.10,16847.00,-2.35,629.00,0.07,888.00,0.10
104,Entry Long,Buy,2024-06-26 11:02,123200,37,-888.00,-0.10,16847.00,-2.35,629.00,0.07,888.00,0.10
103,Exit Long,SL,2024-06-26 10:24,123205,39,-1599.00,-0.17,17735.00,-4.07,546.00,0.06,1599.00,0.17
103,Entry Long,Buy,2024-06-26 10:16,123410,39,-1599.00,-0.17,17735.00,-4.07,546.00,0.06,1599.00,0.17
102,Exit Long,Close Position (Max intraday Loss),2024-06-25 13:04,123675,39,-117.00,-0.01,19334.00,-0.30,117.00,0.01,117.00,0.01
102,Entry Long,Buy,2024-06-25 13:02,123690,39,-117.00,-0.01,19334.00,-0.30,117.00,0.01,117.00,0.01
101,Exit Long,SL,2024-06-25 11:34,123910,40,-1520.00,-0.15,19451.00,-3.71,360.00,0.04,1520.00,0.15
101,Entry Long,Buy,2024-06-25 11:24,124100,40,-1520.00,-0.15,19451.00,-3.71,360.00,0.04,1520.00,0.15
100,Exit Long,TP,2024-06-25 10:44,123970,41,-902.00,-0.09,20971.00,-2.15,2706.00,0.27,902.00,0.09
100,Entry Long,Buy,2024-06-25 10:34,124080,41,-902.00,-0.09,20971.00,-2.15,2706.00,0.27,902.00,0.09
99,Exit Long,TP,2024-06-24 18:20,124340,40,1640.00,0.17,21873.00,4.08,2520.00,0.25,960.00,0.10
99,Entry Long,Buy,2024-06-24 12:56,124135,40,1640.00,0.17,21873.00,4.08,2520.00,0.25,960.00,0.10
98,Exit Long,TP,2024-06-21 14:00,122850,39,624.00,0.07,20233.00,1.58,1950.00,0.20,390.00,0.04
98,Entry Long,Buy,2024-06-21 13:24,122770,39,624.00,0.07,20233.00,1.58,1950.00,0.20,390.00,0.04
97,Exit Long,TP,2024-06-19 14:12,121305,37,1850.00,0.21,19609.00,4.90,3663.00,0.41,0,0.00
97,Entry Long,Buy,2024-06-19 12:48,121055,37,1850.00,0.21,19609.00,4.90,3663.00,0.41,0,0.00
96,Exit Long,SL,2024-06-19 11:46,120810,38,-608.00,-0.07,17759.00,-1.58,722.00,0.08,608.00,0.07
96,Entry Long,Buy,2024-06-19 11:36,120890,38,-608.00,-0.07,17759.00,-1.58,722.00,0.08,608.00,0.07
95,Exit Long,SL,2024-06-17 15:12,121035,39,-1014.00,-0.11,18367.00,-2.57,195.00,0.02,1014.00,0.11
95,Entry Long,Buy,2024-06-17 15:00,121165,39,-1014.00,-0.11,18367.00,-2.57,195.00,0.02,1014.00,0.11
94,Exit Long,TP,2024-06-17 13:34,121190,35,3430.00,0.41,19381.00,9.54,4410.00,0.52,595.00,0.07
94,Entry Long,Buy,2024-06-17 12:26,120700,35,3430.00,0.41,19381.00,9.54,4410.00,0.52,595.00,0.07
93,Exit Long,SL,2024-06-14 13:58,121530,36,-1008.00,-0.12,15951.00,-2.73,504.00,0.06,1008.00,0.12
93,Entry Long,Buy,2024-06-14 13:42,121670,36,-1008.00,-0.12,15951.00,-2.73,504.00,0.06,1008.00,0.12
92,Exit Long,TP,2024-06-14 12:28,121825,30,6090.00,0.84,16959.00,19.73,7860.00,1.08,660.00,0.09
92,Entry Long,Buy,2024-06-14 11:18,120810,30,6090.00,0.84,16959.00,19.73,7860.00,1.08,660.00,0.09
91,Exit Long,SL,2024-06-14 09:34,121390,31,-992.00,-0.13,10869.00,-3.11,620.00,0.08,992.00,0.13
91,Entry Long,Buy,2024-06-14 09:24,121550,31,-992.00,-0.13,10869.00,-3.11,620.00,0.08,992.00,0.13
90,Exit Long,Close Position (Max intraday Loss),2024-06-13 12:20,121205,32,-512.00,-0.07,11861.00,-1.58,192.00,0.02,512.00,0.07
90,Entry Long,Buy,2024-06-13 12:20,121285,32,-512.00,-0.07,11861.00,-1.58,192.00,0.02,512.00,0.07
89,Exit Long,SL,2024-06-13 12:04,121145,33,-957.00,-0.12,12373.00,-2.87,297.00,0.04,957.00,0.12
89,Entry Long,Buy,2024-06-13 11:52,121290,33,-957.00,-0.12,12373.00,-2.87,297.00,0.04,957.00,0.12
88,Exit Long,TP,2024-06-13 10:24,121740,33,-594.00,-0.07,13330.00,-1.75,2046.00,0.25,594.00,0.07
88,Entry Long,Buy,2024-06-13 10:06,121830,33,-594.00,-0.07,13330.00,-1.75,2046.00,0.25,594.00,0.07
87,Exit Long,TP,2024-06-12 13:44,122305,33,660.00,0.08,13924.00,1.98,1782.00,0.22,561.00,0.07
87,Entry Long,Buy,2024-06-12 13:26,122205,33,660.00,0.08,13924.00,1.98,1782.00,0.22,561.00,0.07
86,Exit Long,SL,2024-06-11 13:30,121340,34,-1292.00,-0.16,13264.00,-3.74,782.00,0.09,1292.00,0.16
86,Entry Long,Buy,2024-06-11 12:56,121530,34,-1292.00,-0.16,13264.00,-3.74,782.00,0.09,1292.00,0.16
85,Exit Long,TP,2024-06-11 11:10,121320,34,510.00,0.06,14556.00,1.50,1972.00,0.24,680.00,0.08
85,Entry Long,Buy,2024-06-11 11:02,121245,34,510.00,0.06,14556.00,1.50,1972.00,0.24,680.00,0.08
84,Exit Long,SL,2024-06-07 13:32,121885,35,-1155.00,-0.14,14046.00,-3.28,105.00,0.01,1155.00,0.14
84,Entry Long,Buy,2024-06-07 13:28,122050,35,-1155.00,-0.14,14046.00,-3.28,105.00,0.01,1155.00,0.14
83,Exit Long,TP,2024-06-07 10:26,121905,35,-455.00,-0.05,15201.00,-1.28,1680.00,0.20,455.00,0.05
83,Entry Long,Buy,2024-06-07 10:16,121970,35,-455.00,-0.05,15201.00,-1.28,1680.00,0.20,455.00,0.05
82,Exit Long,TP,2024-06-06 14:48,123270,34,1598.00,0.19,15656.00,4.69,2482.00,0.30,34.00,0.00
82,Entry Long,Buy,2024-06-06 14:00,123035,34,1598.00,0.19,15656.00,4.69,2482.00,0.30,34.00,0.00
81,Exit Long,TP,2024-06-06 10:10,121530,34,-238.00,-0.03,14058.00,-0.69,1496.00,0.18,238.00,0.03
81,Entry Long,Buy,2024-06-06 09:48,121565,34,-238.00,-0.03,14058.00,-0.69,1496.00,0.18,238.00,0.03
80,Exit Long,Close Position (Max intraday Loss),2024-06-05 14:48,121905,34,-238.00,-0.03,14296.00,-0.69,1054.00,0.13,238.00,0.03
80,Entry Long,Buy,2024-06-05 14:28,121940,34,-238.00,-0.03,14296.00,-0.69,1054.00,0.13,238.00,0.03
79,Exit Long,SL,2024-06-05 11:00,121745,35,-1260.00,-0.15,14534.00,-3.52,385.00,0.05,1260.00,0.15
79,Entry Long,Buy,2024-06-05 10:42,121925,35,-1260.00,-0.15,14534.00,-3.52,385.00,0.05,1260.00,0.15
78,Exit Long,SL,2024-06-05 10:30,121830,36,-828.00,-0.09,15794.00,-2.26,792.00,0.09,828.00,0.09
78,Entry Long,Buy,2024-06-05 10:26,121945,36,-828.00,-0.09,15794.00,-2.26,792.00,0.09,828.00,0.09
77,Exit Long,SL,2024-06-03 13:52,122025,37,-740.00,-0.08,16622.00,-1.98,74.00,0.01,740.00,0.08
77,Entry Long,Buy,2024-06-03 13:48,122125,37,-740.00,-0.08,16622.00,-1.98,74.00,0.01,740.00,0.08
76,Exit Long,SL,2024-06-03 10:02,122510,38,-912.00,-0.10,17362.00,-2.38,76.00,0.01,912.00,0.10
76,Entry Long,Buy,2024-06-03 10:00,122630,38,-912.00,-0.10,17362.00,-2.38,76.00,0.01,912.00,0.10
75,Exit Long,SL,2024-05-31 12:38,122370,39,-1287.00,-0.13,18274.00,-3.25,234.00,0.02,1287.00,0.13
75,Entry Long,Buy,2024-05-31 12:10,122535,39,-1287.00,-0.13,18274.00,-3.25,234.00,0.02,1287.00,0.13
74,Exit Long,Close Position (Max intraday Loss),2024-05-29 14:00,123265,40,-1120.00,-0.11,19561.00,-2.75,920.00,0.09,1120.00,0.11
74,Entry Long,Buy,2024-05-29 12:42,123405,40,-1120.00,-0.11,19561.00,-2.75,920.00,0.09,1120.00,0.11
73,Exit Long,SL,2024-05-29 10:02,123410,42,-1596.00,-0.15,20681.00,-3.78,252.00,0.02,1596.00,0.15
73,Entry Long,Buy,2024-05-29 09:56,123600,42,-1596.00,-0.15,20681.00,-3.78,252.00,0.02,1596.00,0.15
72,Exit Long,SL,2024-05-27 14:24,124845,42,-378.00,-0.04,22277.00,-0.89,1302.00,0.12,378.00,0.04
72,Entry Long,Buy,2024-05-27 13:42,124890,42,-378.00,-0.04,22277.00,-0.89,1302.00,0.12,378.00,0.04
71,Exit Long,SL,2024-05-24 13:56,125330,43,-1075.00,-0.10,22655.00,-2.46,1161.00,0.11,1075.00,0.10
71,Entry Long,Buy,2024-05-24 13:10,125455,43,-1075.00,-0.10,22655.00,-2.46,1161.00,0.11,1075.00,0.10
70,Exit Long,TP,2024-05-24 11:34,125605,43,473.00,0.04,23730.00,1.09,2494.00,0.23,215.00,0.02
70,Entry Long,Buy,2024-05-24 11:08,125550,43,473.00,0.04,23730.00,1.09,2494.00,0.23,215.00,0.02
69,Exit Long,SL,2024-05-23 14:40,125270,44,-1144.00,-0.10,23257.00,-2.58,792.00,0.07,1144.00,0.10
69,Entry Long,Buy,2024-05-23 14:04,125400,44,-1144.00,-0.10,23257.00,-2.58,792.00,0.07,1144.00,0.10
68,Exit Long,SL,2024-05-23 11:56,125165,46,-1610.00,-0.14,24401.00,-3.50,184.00,0.02,1610.00,0.14
68,Entry Long,Buy,2024-05-23 11:34,125340,46,-1610.00,-0.14,24401.00,-3.50,184.00,0.02,1610.00,0.14
67,Exit Long,Close Position (Max intraday Loss),2024-05-22 11:58,126880,46,-966.00,-0.08,26011.00,-2.06,460.00,0.04,966.00,0.08
67,Entry Long,Buy,2024-05-22 11:56,126985,46,-966.00,-0.08,26011.00,-2.06,460.00,0.04,966.00,0.08
66,Exit Long,SL,2024-05-22 10:30,127140,49,-2058.00,-0.16,26977.00,-4.20,1078.00,0.09,2058.00,0.16
66,Entry Long,Buy,2024-05-22 10:20,127350,49,-2058.00,-0.16,26977.00,-4.20,1078.00,0.09,2058.00,0.16
65,Exit Long,Close Position (Max intraday Loss),2024-05-21 11:32,128540,50,-1650.00,-0.13,29035.00,-3.26,0,0.00,1650.00,0.13
65,Entry Long,Buy,2024-05-21 11:32,128705,50,-1650.00,-0.13,29035.00,-3.26,0,0.00,1650.00,0.13
64,Exit Long,SL,2024-05-21 10:00,128380,52,-2236.00,-0.17,30685.00,-4.23,1872.00,0.14,2236.00,0.17
64,Entry Long,Buy,2024-05-21 09:50,128595,52,-2236.00,-0.17,30685.00,-4.23,1872.00,0.14,2236.00,0.17
63,Exit Long,SL,2024-05-20 13:08,129265,53,-742.00,-0.05,32921.00,-1.38,53.00,0.00,742.00,0.05
63,Entry Long,Buy,2024-05-20 13:00,129335,53,-742.00,-0.05,32921.00,-1.38,53.00,0.00,742.00,0.05
62,Exit Long,Close Position (Max intraday Loss),2024-05-17 13:04,128655,54,-1134.00,-0.08,33663.00,-2.07,216.00,0.02,1134.00,0.08
62,Entry Long,Buy,2024-05-17 13:02,128760,54,-1134.00,-0.08,33663.00,-2.07,216.00,0.02,1134.00,0.08
61,Exit Long,SL,2024-05-17 10:36,128755,57,-2565.00,-0.17,34797.00,-4.47,399.00,0.03,2565.00,0.17
61,Entry Long,Buy,2024-05-17 10:30,128980,57,-2565.00,-0.17,34797.00,-4.47,399.00,0.03,2565.00,0.17
60,Exit Long,TP,2024-05-16 12:12,129075,55,1980.00,0.14,37362.00,3.58,4015.00,0.28,440.00,0.03
60,Entry Long,Buy,2024-05-16 11:14,128895,55,1980.00,0.14,37362.00,3.58,4015.00,0.28,440.00,0.03
59,Exit Long,TP,2024-05-15 12:28,128715,48,6480.00,0.53,35382.00,13.25,8304.00,0.68,0,0.00
59,Entry Long,Buy,2024-05-15 11:34,128040,48,6480.00,0.53,35382.00,13.25,8304.00,0.68,0,0.00
58,Exit Long,SL,2024-05-14 13:00,129585,50,-1100.00,-0.08,28902.00,-2.20,50.00,0.00,1100.00,0.08
58,Entry Long,Buy,2024-05-14 12:50,129695,50,-1100.00,-0.08,28902.00,-2.20,50.00,0.00,1100.00,0.08
57,Exit Long,SL,2024-05-14 10:22,128980,51,-1836.00,-0.14,30002.00,-3.54,255.00,0.02,1836.00,0.14
57,Entry Long,Buy,2024-05-14 10:18,129160,51,-1836.00,-0.14,30002.00,-3.54,255.00,0.02,1836.00,0.14
56,Exit Long,TP,2024-05-13 15:20,129085,50,1600.00,0.12,31838.00,3.18,2550.00,0.20,200.00,0.02
56,Entry Long,Buy,2024-05-13 14:50,128925,50,1600.00,0.12,31838.00,3.18,2550.00,0.20,200.00,0.02
55,Exit Long,TP,2024-05-13 10:42,129285,46,3358.00,0.28,30238.00,7.16,5290.00,0.45,966.00,0.08
55,Entry Long,Buy,2024-05-13 09:46,128920,46,3358.00,0.28,30238.00,7.16,5290.00,0.45,966.00,0.08
54,Exit Long,TP,2024-05-10 14:00,128845,46,828.00,0.07,26880.00,1.80,2116.00,0.18,828.00,0.07
54,Entry Long,Buy,2024-05-10 13:04,128755,46,828.00,0.07,26880.00,1.80,2116.00,0.18,828.00,0.07
53,Exit Long,SL,2024-05-09 14:12,128645,47,-1269.00,-0.10,26052.00,-2.68,517.00,0.04,1269.00,0.10
53,Entry Long,Buy,2024-05-09 13:44,128780,47,-1269.00,-0.10,26052.00,-2.68,517.00,0.04,1269.00,0.10
52,Exit Long,TP,2024-05-08 10:52,129970,42,5250.00,0.48,27321.00,12.48,6846.00,0.63,420.00,0.04
52,Entry Long,Buy,2024-05-08 10:20,129345,42,5250.00,0.48,27321.00,12.48,6846.00,0.63,420.00,0.04
51,Exit Long,TP,2024-05-07 10:34,130370,38,3914.00,0.40,22071.00,10.26,5624.00,0.57,532.00,0.05
51,Entry Long,Buy,2024-05-07 09:42,129855,38,3914.00,0.40,22071.00,10.26,5624.00,0.57,532.00,0.05
50,Exit Long,SL,2024-05-06 13:12,130110,38,-836.00,-0.08,18157.00,-2.14,912.00,0.09,836.00,0.08
50,Entry Long,Buy,2024-05-06 12:42,130220,38,-836.00,-0.08,18157.00,-2.14,912.00,0.09,836.00,0.08
49,Exit Long,SL,2024-05-06 10:08,129540,39,-858.00,-0.08,18993.00,-2.15,273.00,0.03,858.00,0.08
49,Entry Long,Buy,2024-05-06 10:02,129650,39,-858.00,-0.08,18993.00,-2.15,273.00,0.03,858.00,0.08
48,Exit Long,TP,2024-05-03 13:40,129840,39,312.00,0.03,19851.00,0.79,1716.00,0.17,741.00,0.07
48,Entry Long,Buy,2024-05-03 11:48,129800,39,312.00,0.03,19851.00,0.79,1716.00,0.17,741.00,0.07
47,Exit Long,SL,2024-05-03 11:18,129710,40,-1440.00,-0.14,19539.00,-3.51,0,0.00,1440.00,0.14
47,Entry Long,Buy,2024-05-03 11:16,129890,40,-1440.00,-0.14,19539.00,-3.51,0,0.00,1440.00,0.14
46,Exit Long,TP,2024-05-02 14:20,128480,38,2280.00,0.23,20979.00,5.89,3686.00,0.38,0,0.00
46,Entry Long,Buy,2024-05-02 13:44,128180,38,2280.00,0.23,20979.00,5.89,3686.00,0.38,0,0.00
45,Exit Long,Close Position (Max intraday Loss),2024-04-30 13:08,127340,38,152.00,0.02,18699.00,0.39,152.00,0.02,0,0.00
45,Entry Long,Buy,2024-04-30 13:08,127320,38,152.00,0.02,18699.00,0.39,152.00,0.02,0,0.00
44,Exit Long,SL,2024-04-30 13:00,127245,39,-780.00,-0.08,18547.00,-1.98,78.00,0.01,780.00,0.08
44,Entry Long,Buy,2024-04-30 12:56,127345,39,-780.00,-0.08,18547.00,-1.98,78.00,0.01,780.00,0.08
43,Exit Long,SL,2024-04-30 10:52,127900,41,-1804.00,-0.17,19327.00,-4.39,533.00,0.05,1804.00,0.17
43,Entry Long,Buy,2024-04-30 10:48,128120,41,-1804.00,-0.17,19327.00,-4.39,533.00,0.05,1804.00,0.17
42,Exit Long,TP,2024-04-29 15:12,128530,39,1872.00,0.19,21131.00,4.77,2652.00,0.27,468.00,0.05
42,Entry Long,Buy,2024-04-29 13:24,128290,39,1872.00,0.19,21131.00,4.77,2652.00,0.27,468.00,0.05
41,Exit Long,SL,2024-04-29 11:34,128090,40,-1600.00,-0.16,19259.00,-3.92,280.00,0.03,1600.00,0.16
41,Entry Long,Buy,2024-04-29 11:24,128290,40,-1600.00,-0.16,19259.00,-3.92,280.00,0.03,1600.00,0.16
40,Exit Long,TP,2024-04-26 16:04,128125,39,975.00,0.10,20859.00,2.44,1950.00,0.20,312.00,0.03
40,Entry Long,Buy,2024-04-26 14:36,128000,39,975.00,0.10,20859.00,2.44,1950.00,0.20,312.00,0.03
39,Exit Long,TP,2024-04-26 13:08,127870,39,663.00,0.07,19884.00,1.69,1755.00,0.18,156.00,0.02
39,Entry Long,Buy,2024-04-26 12:22,127785,39,663.00,0.07,19884.00,1.69,1755.00,0.18,156.00,0.02
38,Exit Long,TP,2024-04-25 16:40,125965,38,836.00,0.09,19221.00,2.18,2356.00,0.25,684.00,0.07
38,Entry Long,Buy,2024-04-25 14:30,125855,38,836.00,0.09,19221.00,2.18,2356.00,0.25,684.00,0.07
37,Exit Long,SL,2024-04-25 14:12,125810,39,-780.00,-0.08,18385.00,-1.99,351.00,0.04,780.00,0.08
37,Entry Long,Buy,2024-04-25 14:04,125910,39,-780.00,-0.08,18385.00,-1.99,351.00,0.04,780.00,0.08
36,Exit Long,SL,2024-04-25 13:58,125815,39,-741.00,-0.08,19165.00,-1.86,39.00,0.00,741.00,0.08
36,Entry Long,Buy,2024-04-25 13:56,125910,39,-741.00,-0.08,19165.00,-1.86,39.00,0.00,741.00,0.08
35,Exit Long,TP,2024-04-25 12:32,125945,35,4165.00,0.47,19906.00,11.65,5250.00,0.60,280.00,0.03
35,Entry Long,Buy,2024-04-25 11:06,125350,35,4165.00,0.47,19906.00,11.65,5250.00,0.60,280.00,0.03
34,Exit Long,Close Position (Max intraday Loss),2024-04-24 15:00,126470,35,0,0.00,15741.00,0.00,0,0.00,0,0.00
34,Entry Long,Buy,2024-04-24 15:00,126470,35,0,0.00,15741.00,0.00,0,0.00,0,0.00
33,Exit Long,SL,2024-04-24 13:48,126165,36,-720.00,-0.08,15741.00,-1.97,360.00,0.04,720.00,0.08
33,Entry Long,Buy,2024-04-24 13:20,126265,36,-720.00,-0.08,15741.00,-1.97,360.00,0.04,720.00,0.08
32,Exit Long,SL,2024-04-24 11:14,126390,38,-1634.00,-0.17,16461.00,-4.29,1026.00,0.11,1634.00,0.17
32,Entry Long,Buy,2024-04-24 11:02,126605,38,-1634.00,-0.17,16461.00,-4.29,1026.00,0.11,1634.00,0.17
31,Exit Long,TP,2024-04-23 14:16,127150,33,4356.00,0.52,18095.00,12.91,6237.00,0.75,429.00,0.05
31,Entry Long,Buy,2024-04-23 12:44,126490,33,4356.00,0.52,18095.00,12.91,6237.00,0.75,429.00,0.05
30,Exit Long,TP,2024-04-22 14:14,127430,29,4147.00,0.56,13739.00,14.01,5452.00,0.74,0,0.00
30,Entry Long,Buy,2024-04-22 12:56,126715,29,4147.00,0.56,13739.00,14.01,5452.00,0.74,0,0.00
29,Exit Long,TP,2024-04-22 12:34,126680,27,1647.00,0.24,9592.00,5.89,2700.00,0.40,405.00,0.06
29,Entry Long,Buy,2024-04-22 11:00,126375,27,1647.00,0.24,9592.00,5.89,2700.00,0.40,405.00,0.06
28,Exit Long,SL,2024-04-19 15:04,126590,28,-784.00,-0.11,7945.00,-2.73,1008.00,0.14,784.00,0.11
28,Entry Long,Buy,2024-04-19 13:44,126730,28,-784.00,-0.11,7945.00,-2.73,1008.00,0.14,784.00,0.11
27,Exit Long,SL,2024-04-19 13:06,126810,29,-986.00,-0.13,8729.00,-3.32,203.00,0.03,986.00,0.13
27,Entry Long,Buy,2024-04-19 12:50,126980,29,-986.00,-0.13,8729.00,-3.32,203.00,0.03,986.00,0.13
26,Exit Long,TP,2024-04-18 15:32,125400,29,-58.00,-0.01,9715.00,-0.19,1276.00,0.18,928.00,0.13
26,Entry Long,Buy,2024-04-18 14:46,125410,29,-58.00,-0.01,9715.00,-0.19,1276.00,0.18,928.00,0.13
25,Exit Long,SL,2024-04-16 10:20,124190,30,-930.00,-0.12,9773.00,-3.03,150.00,0.02,930.00,0.12
25,Entry Long,Buy,2024-04-16 10:16,124345,30,-930.00,-0.12,9773.00,-3.03,150.00,0.02,930.00,0.12
24,Exit Long,SL,2024-04-15 14:10,125770,31,-713.00,-0.09,10703.00,-2.27,279.00,0.04,713.00,0.09
24,Entry Long,Buy,2024-04-15 14:04,125885,31,-713.00,-0.09,10703.00,-2.27,279.00,0.04,713.00,0.09
23,Exit Long,SL,2024-04-15 13:06,126050,32,-992.00,-0.12,11416.00,-3.06,128.00,0.02,992.00,0.12
23,Entry Long,Buy,2024-04-15 12:54,126205,32,-992.00,-0.12,11416.00,-3.06,128.00,0.02,992.00,0.12
22,Exit Long,SL,2024-04-12 15:00,126210,33,-891.00,-0.11,12408.00,-2.68,99.00,0.01,891.00,0.11
22,Entry Long,Buy,2024-04-12 14:50,126345,33,-891.00,-0.11,12408.00,-2.68,99.00,0.01,891.00,0.11
21,Exit Long,TP,2024-04-11 13:00,127625,32,672.00,0.08,13299.00,2.06,1696.00,0.21,896.00,0.11
21,Entry Long,Buy,2024-04-11 11:46,127520,32,672.00,0.08,13299.00,2.06,1696.00,0.21,896.00,0.11
20,Exit Long,SL,2024-04-10 14:06,128340,34,-1496.00,-0.17,12627.00,-4.38,782.00,0.09,1496.00,0.17
20,Entry Long,Buy,2024-04-10 13:02,128560,34,-1496.00,-0.17,12627.00,-4.38,782.00,0.09,1496.00,0.17
19,Exit Long,Close Position (Max intraday Loss),2024-04-09 14:32,129695,34,-374.00,-0.04,14123.00,-1.08,34.00,0.00,374.00,0.04
19,Entry Long,Buy,2024-04-09 14:32,129750,34,-374.00,-0.04,14123.00,-1.08,34.00,0.00,374.00,0.04
18,Exit Long,SL,2024-04-09 12:50,129830,35,-945.00,-0.10,14497.00,-2.67,0,0.00,945.00,0.10
18,Entry Long,Buy,2024-04-09 12:48,129965,35,-945.00,-0.10,14497.00,-2.67,0,0.00,945.00,0.10
17,Exit Long,SL,2024-04-09 12:28,129795,36,-1188.00,-0.13,15442.00,-3.24,360.00,0.04,1188.00,0.13
17,Entry Long,Buy,2024-04-09 12:08,129960,36,-1188.00,-0.13,15442.00,-3.24,360.00,0.04,1188.00,0.13
16,Exit Long,TP,2024-04-08 15:06,129010,35,700.00,0.08,16630.00,1.95,1855.00,0.21,350.00,0.04
16,Entry Long,Buy,2024-04-08 13:56,128910,35,700.00,0.08,16630.00,1.95,1855.00,0.21,350.00,0.04
15,Exit Long,TP,2024-04-08 10:58,128470,30,5460.00,0.71,15930.00,17.92,6780.00,0.89,0,0.00
15,Entry Long,Buy,2024-04-08 10:24,127560,30,5460.00,0.71,15930.00,17.92,6780.00,0.89,0,0.00
14,Exit Long,Close Position (Max intraday Loss),2024-04-05 13:10,127430,30,180.00,0.02,10470.00,0.59,180.00,0.02,0,0.00
14,Entry Long,Buy,2024-04-05 13:10,127400,30,180.00,0.02,10470.00,0.59,180.00,0.02,0,0.00
13,Exit Long,SL,2024-04-05 12:16,126755,32,-2080.00,-0.26,10290.00,-6.43,1856.00,0.23,2080.00,0.26
13,Entry Long,Buy,2024-04-05 11:58,127080,32,-2080.00,-0.26,10290.00,-6.43,1856.00,0.23,2080.00,0.26
12,Exit Long,TP,2024-04-04 10:54,129345,26,6266.00,0.94,12370.00,24.00,7410.00,1.11,130.00,0.02
12,Entry Long,Buy,2024-04-04 09:58,128140,26,6266.00,0.94,12370.00,24.00,7410.00,1.11,130.00,0.02
11,Exit Long,TP,2024-04-03 14:52,128080,22,3894.00,0.70,6104.00,17.53,4466.00,0.80,286.00,0.05
11,Entry Long,Buy,2024-04-03 13:42,127195,22,3894.00,0.70,6104.00,17.53,4466.00,0.80,286.00,0.05
10,Exit Long,TP,2024-04-03 12:28,126880,21,462.00,0.09,2210.00,2.12,1050.00,0.20,0,0.00
10,Entry Long,Buy,2024-04-03 11:42,126770,21,462.00,0.09,2210.00,2.12,1050.00,0.20,0,0.00
9,Exit Long,TP,2024-04-03 10:14,127680,21,-168.00,-0.03,1748.00,-0.77,903.00,0.17,168.00,0.03
9,Entry Long,Buy,2024-04-03 10:00,127720,21,-168.00,-0.03,1748.00,-0.77,903.00,0.17,168.00,0.03
8,Exit Long,TP,2024-04-02 15:26,127765,21,630.00,0.12,1916.00,2.96,1218.00,0.23,126.00,0.02
8,Entry Long,Buy,2024-04-02 14:50,127615,21,630.00,0.12,1916.00,2.96,1218.00,0.23,126.00,0.02
7,Exit Long,TP,2024-04-02 14:38,127475,20,900.00,0.18,1286.00,4.41,1420.00,0.28,320.00,0.06
7,Entry Long,Buy,2024-04-02 13:26,127250,20,900.00,0.18,1286.00,4.41,1420.00,0.28,320.00,0.06
6,Exit Long,SL,2024-04-01 12:00,127995,20,-320.00,-0.06,386.00,-1.55,40.00,0.01,320.00,0.06
6,Entry Long,Buy,2024-04-01 11:58,128075,20,-320.00,-0.06,386.00,-1.55,40.00,0.01,320.00,0.06
5,Exit Long,SL,2024-03-28 15:42,128565,21,-294.00,-0.05,706.00,-1.40,735.00,0.14,294.00,0.05
5,Entry Long,Buy,2024-03-28 14:38,128635,21,-294.00,-0.05,706.00,-1.40,735.00,0.14,294.00,0.05
4,Exit Long,TP,2024-03-28 12:56,128880,20,340.00,0.07,1000.00,1.65,880.00,0.17,180.00,0.03
4,Entry Long,Buy,2024-03-28 12:24,128795,20,340.00,0.07,1000.00,1.65,880.00,0.17,180.00,0.03
3,Exit Long,SL,2024-03-27 14:50,127605,20,-300.00,-0.06,660.00,-1.43,540.00,0.11,300.00,0.06
3,Entry Long,Buy,2024-03-27 13:28,127680,20,-300.00,-0.06,660.00,-1.43,540.00,0.11,300.00,0.06
2,Exit Long,TP,2024-03-26 13:38,127750,20,440.00,0.09,960.00,2.14,900.00,0.18,0,0.00
2,Entry Long,Buy,2024-03-26 12:46,127640,20,440.00,0.09,960.00,2.14,900.00,0.18,0,0.00
1,Exit Long,TP,2024-03-26 10:34,127340,20,520.00,0.10,520.00,2.60,1360.00,0.27,160.00,0.03
1,Entry Long,Buy,2024-03-26 10:00,127210,20,520.00,0.10,520.00,2.60,1360.00,0.27,160.00,0.03